{
  "ml": {
    "accuracy": 0.47619047619047616,
    "auc": 0.5
  },
  "em": {
    "accuracy": 0.5904761904761905,
    "auc": 0.6104090909090909
  }
}