{
  "RB1_mut": {
    "()": {
      "0": 0.8866559485530546,
      "1": 0.11334405144694534
    }
  },
  "CCND1_amp": {
    "()": {
      "0": 0.889871382636656,
      "1": 0.11012861736334405
    }
  },
  "CDK4_mut": {
    "()": {
      "0": 0.9871382636655949,
      "1": 0.012861736334405145
    }
  },
  "CDK6_mut": {
    "()": {
      "0": 0.9879421221864951,
      "1": 0.012057877813504822
    }
  },
  "CDKN2A_del": {
    "()": {
      "0": 0.6639871382636656,
      "1": 0.3360128617363344
    }
  },
  "CDKN2B_del": {
    "()": {
      "0": 0.6961414790996785,
      "1": 0.30385852090032156
    }
  },
  "KAT6A_amp": {
    "()": {
      "0": 0.9614147909967846,
      "1": 0.03858520900321544
    }
  },
  "TBL1XR1_amp": {
    "()": {
      "0": 0.9284565916398714,
      "1": 0.07154340836012862
    }
  },
  "RUNX1_amp": {
    "()": {
      "0": 0.9871382636655949,
      "1": 0.012861736334405145
    }
  },
  "MYC_amp": {
    "()": {
      "0": 0.8038585209003215,
      "1": 0.19614147909967847
    }
  },
  "CREBBP_alt": {
    "()": {
      "0": 0.8520900321543409,
      "1": 0.14790996784565916
    }
  },
  "EP300_alt": {
    "()": {
      "0": 0.8641479099678456,
      "1": 0.13585209003215434
    }
  },
  "HDAC1_alt": {
    "()": {
      "0": 0.9686495176848875,
      "1": 0.03135048231511254
    }
  },
  "TP53_mut": {
    "()": {
      "0": 0.3070739549839228,
      "1": 0.6929260450160771
    }
  },
  "BRCA1_mut": {
    "()": {
      "0": 0.927652733118971,
      "1": 0.07234726688102894
    }
  },
  "BRCA2_mut": {
    "()": {
      "0": 0.8713826366559485,
      "1": 0.12861736334405144
    }
  },
  "CHEK1_mut": {
    "()": {
      "0": 0.9855305466237942,
      "1": 0.014469453376205787
    }
  },
  "RAD51C_mut": {
    "()": {
      "0": 0.9831189710610932,
      "1": 0.016881028938906754
    }
  },
  "EGFR_alt": {
    "()": {
      "0": 0.8014469453376206,
      "1": 0.1985530546623794
    }
  },
  "ERBB2_alt": {
    "()": {
      "0": 0.9027331189710611,
      "1": 0.0972668810289389
    }
  },
  "PIK3CA_mut": {
    "()": {
      "0": 0.882636655948553,
      "1": 0.11736334405144695
    }
  },
  "CellCycleControl": {},
  "CDK_Overdrive": {},
  "RB_Pathway_Activity": {},
  "Chromatin_Remodeling_State": {},
  "Histone_Transcription": {},
  "Epigenetic_Dysregulation": {},
  "DNA_Repair_Capacity": {},
  "DNA_Damage_Response": {},
  "Genomic_Instability": {},
  "RTK_PI3K_Signaling": {},
  "GrowthFactor_Signaling": {},
  "Proliferative_Phenotype": {},
  "DrugResponse_Modulator": {},
  "DrugResponse": {}
}