{
  "ml": {
    "accuracy": 0.47619047619047616,
    "auc": 0.5
  },
  "em": {
    "accuracy": 0.5619047619047619,
    "auc": 0.6260909090909091
  }
}